num Mpixels, array representation, num procs, time (s), Mpixels/s
1.0, RPU, 12, 2.6343395709991455, 0.37960178369135705
4.0, RPU, 12, 3.5450305938720703, 1.1283400506936072
9.0, RPU, 12, 5.3902575969696045, 1.6696790159082169
16.0, RPU, 12, 9.31919550895691, 1.7168863969665624
25.0, RPU, 12, 14.294176578521729, 1.7489639828267354
