num Mpixels, array representation, num procs, time (s), Mpixels/s
1.0, RSU, 1, 3.1618549823760986, 0.31627003944643634
4.0, RSU, 1, 10.903061866760254, 0.3668694215332893
9.0, RSU, 1, 25.01850938796997, 0.3597336620033649
16.0, RSU, 1, 44.92136192321777, 0.35617798114287225
25.0, RSU, 1, 53.89435386657715, 0.46387048375959605
